"Virus_ICTV","Virus_NCBI_TaxID","hostRichness","n_mammals","n_orders","n_classes","batHosts","rodentHosts","zoonotic","pd","ses_pd","mpd","ses_mpd","Host_Upham","EvoIso","mean_reservoir_dist"
"Avian orthoavulavirus 1",2560319,256,8,27,2,2,1,1,502.17935565817,-0.00278452995053825,133.289180128257,-0.457603366756526,"Myotis_lucifugus",131.440125658224,620
"Banzi virus",38837,8,8,3,1,0,6,1,386.25131426327,-1.11165110221226,108.488699523814,-1.39332199914101,"Mastomys_natalensis",92.2002065602529,NA
"Banzi virus",38837,8,8,3,1,0,6,1,386.25131426327,-1.11165110221226,108.488699523814,-1.39332199914101,"Aethomys_chrysophilus",89.7518886595671,NA
"Banzi virus",38837,8,8,3,1,0,6,1,386.25131426327,-1.11165110221226,108.488699523814,-1.39332199914101,"Lemniscomys_griselda",89.75188915851,NA
"Banzi virus",38837,8,8,3,1,0,6,1,386.25131426327,-1.11165110221226,108.488699523814,-1.39332199914101,"Saccostomus_campestris",106.028492225853,NA
"Banzi virus",38837,8,8,3,1,0,6,1,386.25131426327,-1.11165110221226,108.488699523814,-1.39332199914101,"Gerbilliscus_brantsii",103.714136933681,NA
"Bundibugyo ebolavirus",565995,6,6,2,1,2,0,1,199.8407100132,-2.11905320465312,91.3138282049333,-1.74840107756996,"Rousettus_aegyptiacus",123.63091059184,NA
"Bunyamwera orthobunyavirus",1933179,48,48,7,1,4,13,1,1194.57389448071,-4.59541406385098,124.227291903991,-2.051480058638,"Eidolon_helvum",133.340604252239,NA
"Bunyamwera orthobunyavirus",1933179,48,48,7,1,4,13,1,1194.57389448071,-4.59541406385098,124.227291903991,-2.051480058638,"Mops_condylurus",136.018695916179,NA
"Bunyamwera orthobunyavirus",1933179,48,48,7,1,4,13,1,1194.57389448071,-4.59541406385098,124.227291903991,-2.051480058638,"Gerbilliscus_brantsii",126.191077785409,NA
"Bunyamwera orthobunyavirus",1933179,48,48,7,1,4,13,1,1194.57389448071,-4.59541406385098,124.227291903991,-2.051480058638,"Rousettus_aegyptiacus",133.340603844503,NA
"Bwamba orthobunyavirus",35310,3,3,2,1,0,0,1,165.533011748,-0.761700372286541,110.355341165333,-0.761700372287143,"Aethomys_chrysophilus",139.300819119133,NA
"Bwamba orthobunyavirus",35310,3,3,2,1,0,0,1,165.533011748,-0.761700372286541,110.355341165333,-0.761700372287143,"Lemniscomys_griselda",139.300819701233,NA
"Bwamba orthobunyavirus",35310,3,3,2,1,0,0,1,165.533011748,-0.761700372286541,110.355341165333,-0.761700372287143,"Mastomys_natalensis",139.300819496933,NA
"Bwamba orthobunyavirus",35310,3,3,2,1,0,0,1,165.533011748,-0.761700372286541,110.355341165333,-0.761700372287143,"Saccostomus_campestris",139.300820585433,NA
"Bwamba orthobunyavirus",35310,3,3,2,1,0,0,1,165.533011748,-0.761700372286541,110.355341165333,-0.761700372287143,"Gerbilliscus_brantsii",139.300819753733,NA
"Chikungunya virus",37124,30,29,4,2,6,7,1,783.9226228306,-3.78867785906705,109.234313448504,-2.68344799875963,"Mastomys_natalensis",125.0600349241,139.300807712317
"Chikungunya virus",37124,30,29,4,2,6,7,1,783.9226228306,-3.78867785906705,109.234313448504,-2.68344799875963,"Pteropus_giganteus",132.308184181314,139.300807712317
"Chikungunya virus",37124,30,29,4,2,6,7,1,783.9226228306,-3.78867785906705,109.234313448504,-2.68344799875963,"Aethomys_chrysophilus",125.1883607038,139.300807712317
"Chikungunya virus",37124,30,29,4,2,6,7,1,783.9226228306,-3.78867785906705,109.234313448504,-2.68344799875963,"Saccostomus_campestris",130.010197522846,139.300807712317
"Chikungunya virus",37124,30,29,4,2,6,7,1,783.9226228306,-3.78867785906705,109.234313448504,-2.68344799875963,"Gerbilliscus_brantsii",129.379970337279,139.300807712317
"Chikungunya virus",37124,30,29,4,2,6,7,1,783.9226228306,-3.78867785906705,109.234313448504,-2.68344799875963,"Eidolon_helvum",129.008579299731,139.300807712317
"Cocal vesiculovirus",1972572,4,4,3,1,2,0,0,241.30467874507,-0.520367819820205,124.159540705868,-0.547902868677884,"Myotis_lucifugus",121.149762514957,NA
"Colorado tick fever coltivirus",2748762,32,32,6,1,0,21,1,820.922682177658,-4.17706242546746,115.502380830492,-2.33633785438485,"Callospermophilus_lateralis",96.8418119079029,0
"Colorado tick fever coltivirus",2748762,32,32,6,1,0,21,1,820.922682177658,-4.17706242546746,115.502380830492,-2.33633785438485,"Erethizon_dorsatum",128.608746506116,0
"Colorado tick fever coltivirus",2748762,32,32,6,1,0,21,1,820.922682177658,-4.17706242546746,115.502380830492,-2.33633785438485,"Peromyscus_maniculatus",113.782997803503,0
"Colorado tick fever coltivirus",2748762,32,32,6,1,0,21,1,820.922682177658,-4.17706242546746,115.502380830492,-2.33633785438485,"Tamias_amoenus",96.5889633251764,0
"Colorado tick fever coltivirus",2748762,32,32,6,1,0,21,1,820.922682177658,-4.17706242546746,115.502380830492,-2.33633785438485,"Urocitellus_columbianus",96.7713607062577,0
"Dengue virus",12637,55,55,5,1,27,6,1,1444.8443317087,-3.9235235682183,156.044399598212,1.10676120935651,"Artibeus_jamaicensis",131.100268215027,144.239397090833
"Dengue virus",12637,55,55,5,1,27,6,1,1444.8443317087,-3.9235235682183,156.044399598212,1.10676120935651,"Artibeus_lituratus",131.100269784613,144.239397090833
"Dengue virus",12637,55,55,5,1,27,6,1,1444.8443317087,-3.9235235682183,156.044399598212,1.10676120935651,"Pteropus_giganteus",139.032024557737,144.239397090833
"Dobrava-Belgrade orthohantavirus",1980467,14,14,3,1,0,12,1,464.57246627711,-2.49226978676952,87.6137778896058,-2.92944903236323,"Apodemus_agrarius",68.6026190644315,0
"Dobrava-Belgrade orthohantavirus",1980467,14,14,3,1,0,12,1,464.57246627711,-2.49226978676952,87.6137778896058,-2.92944903236323,"Apodemus_flavicollis",63.5474435766623,0
"Dobrava-Belgrade orthohantavirus",1980467,14,14,3,1,0,12,1,464.57246627711,-2.49226978676952,87.6137778896058,-2.92944903236323,"Myodes_glareolus",94.2581304733293,0
"Eastern equine encephalitis virus",11021,140,54,22,4,17,15,1,1458.40622225041,-3.6371529803016,127.689062044743,-1.82824067039743,"Eptesicus_fuscus",121.382842426912,620
"Eastern equine encephalitis virus",11021,140,54,22,4,17,15,1,1458.40622225041,-3.6371529803016,127.689062044743,-1.82824067039743,"Ictidomys_tridecemlineatus",132.301651596022,620
"Eastern equine encephalitis virus",11021,140,54,22,4,17,15,1,1458.40622225041,-3.6371529803016,127.689062044743,-1.82824067039743,"Marmota_monax",132.301652077659,620
"Eastern equine encephalitis virus",11021,140,54,22,4,17,15,1,1458.40622225041,-3.6371529803016,127.689062044743,-1.82824067039743,"Microtus_pennsylvanicus",129.310363823456,620
"Eastern equine encephalitis virus",11021,140,54,22,4,17,15,1,1458.40622225041,-3.6371529803016,127.689062044743,-1.82824067039743,"Myotis_keenii",120.082834355976,620
"Eastern equine encephalitis virus",11021,140,54,22,4,17,15,1,1458.40622225041,-3.6371529803016,127.689062044743,-1.82824067039743,"Myotis_lucifugus",120.082834356565,620
"Eastern equine encephalitis virus",11021,140,54,22,4,17,15,1,1458.40622225041,-3.6371529803016,127.689062044743,-1.82824067039743,"Peromyscus_leucopus",129.665793902667,620
"Eastern equine encephalitis virus",11021,140,54,22,4,17,15,1,1458.40622225041,-3.6371529803016,127.689062044743,-1.82824067039743,"Sciurus_carolinensis",132.481423983252,620
"Eastern equine encephalitis virus",11021,140,54,22,4,17,15,1,1458.40622225041,-3.6371529803016,127.689062044743,-1.82824067039743,"Pipistrellus_subflavus",121.254274426403,620
"Eastern equine encephalitis virus",11021,140,54,22,4,17,15,1,1458.40622225041,-3.6371529803016,127.689062044743,-1.82824067039743,"Tamias_striatus",132.641333129365,620
"Eastern equine encephalitis virus",11021,140,54,22,4,17,15,1,1458.40622225041,-3.6371529803016,127.689062044743,-1.82824067039743,"Castor_canadensis",136.404791781305,620
"Eastern equine encephalitis virus",11021,140,54,22,4,17,15,1,1458.40622225041,-3.6371529803016,127.689062044743,-1.82824067039743,"Ondatra_zibethicus",129.381482776686,620
"Entebbe bat virus",64283,7,7,1,1,7,0,0,217.30664645786,-2.35409127016944,84.1837272077429,-2.15092759126603,"Rousettus_aegyptiacus",82.70017316612,106.9062534177
"European bat 1 lyssavirus",57482,26,26,4,1,22,0,1,706.64551596452,-3.68386926673783,79.5691301528157,-4.61184359466752,"Eptesicus_serotinus",63.7596587859928,0
"European bat 1 lyssavirus",57482,26,26,4,1,22,0,1,706.64551596452,-3.68386926673783,79.5691301528157,-4.61184359466752,"Pipistrellus_pipistrellus",62.3361425849208,0
"European bat 1 lyssavirus",57482,26,26,4,1,22,0,1,706.64551596452,-3.68386926673783,79.5691301528157,-4.61184359466752,"Eptesicus_fuscus",63.9332914110648,0
"European bat 2 lyssavirus",57483,8,8,2,1,7,0,1,285.90073236072,-2.07151727815927,82.8646337117622,-2.36011438515179,"Myotis_daubentonii",62.0319216828314,0
"Foot-and-mouth disease virus",12110,74,72,10,2,1,5,1,1345.25161004508,-7.55920565915563,83.7491561044136,-7.43602663445374,"Dasyprocta_leporina",144.667734164661,137.70666352655
"Foot-and-mouth disease virus",12110,74,72,10,2,1,5,1,1345.25161004508,-7.55920565915563,83.7491561044136,-7.43602663445374,"Desmodus_rotundus",135.603434505948,137.70666352655
"Ground squirrel hepatitis virus",10406,4,4,1,1,0,4,0,25.5634610201,-3.27633380866118,14.2132025735333,-3.38164834250853,"Otospermophilus_beecheyi",16.4860713712667,0
"Ground squirrel hepatitis virus",10406,4,4,1,1,0,4,0,25.5634610201,-3.27633380866118,14.2132025735333,-3.38164834250853,"Callospermophilus_lateralis",14.93381840225,0
"Hantaan orthohantavirus",1980471,36,36,4,1,2,31,1,771.80158022426,-5.41722361394586,87.7529131042053,-4.79187479772053,"Apodemus_agrarius",80.3073560860694,0
"Hantaan orthohantavirus",1980471,36,36,4,1,2,31,1,771.80158022426,-5.41722361394586,87.7529131042053,-4.79187479772053,"Apodemus_peninsulae",80.3073572236123,0
"Hantaan orthohantavirus",1980471,36,36,4,1,2,31,1,771.80158022426,-5.41722361394586,87.7529131042053,-4.79187479772053,"Rattus_norvegicus",75.4167986070808,0
"Hantaan orthohantavirus",1980471,36,36,4,1,2,31,1,771.80158022426,-5.41722361394586,87.7529131042053,-4.79187479772053,"Rattus_rattus",75.2480650931883,0
"Hantaan orthohantavirus",1980471,36,36,4,1,2,31,1,771.80158022426,-5.41722361394586,87.7529131042053,-4.79187479772053,"Calomys_callosus",83.3418453480466,0
"Hantaan orthohantavirus",1980471,36,36,4,1,2,31,1,771.80158022426,-5.41722361394586,87.7529131042053,-4.79187479772053,"Sigmodon_hispidus",83.6970312649254,0
"Hantaan orthohantavirus",1980471,36,36,4,1,2,31,1,771.80158022426,-5.41722361394586,87.7529131042053,-4.79187479772053,"Microtus_montanus",77.5048560368637,0
"Hantaan orthohantavirus",1980471,36,36,4,1,2,31,1,771.80158022426,-5.41722361394586,87.7529131042053,-4.79187479772053,"Apodemus_speciosus",80.458923205098,0
"Hendra henipavirus",63330,15,15,3,1,13,0,1,282.97368044532,-4.22590911710047,53.4028853738712,-4.83458039260823,"Pteropus_alecto",34.5536771367064,0
"Hendra henipavirus",63330,15,15,3,1,13,0,1,282.97368044532,-4.22590911710047,53.4028853738712,-4.83458039260823,"Pteropus_poliocephalus",36.7329549393657,0
"Influenza A virus",11320,382,71,31,2,15,2,1,1566.7005187357,-5.63252032259622,119.016182345534,-3.15912902547543,"Mus_musculus",142.410451960206,174.236314393392
"Influenza A virus",11320,382,71,31,2,15,2,1,1566.7005187357,-5.63252032259622,119.016182345534,-3.15912902547543,"Rousettus_aegyptiacus",125.38877889095,174.236314393392
"Influenza A virus",11320,382,71,31,2,15,2,1,1566.7005187357,-5.63252032259622,119.016182345534,-3.15912902547543,"Carollia_perspicillata",123.70637942952,174.236314393392
"Influenza A virus",11320,382,71,31,2,15,2,1,1566.7005187357,-5.63252032259622,119.016182345534,-3.15912902547543,"Artibeus_jamaicensis",122.17130721748,174.236314393392
"Japanese encephalitis virus",11072,77,52,15,3,32,1,1,1195.60938958426,-5.34202417569484,114.161754380112,-3.15850831641903,"Tadarida_brasiliensis",109.726358193123,212.644946990877
"Japanese encephalitis virus",11072,77,52,15,3,32,1,1,1195.60938958426,-5.34202417569484,114.161754380112,-3.15850831641903,"Myotis_lucifugus",102.351241460868,212.644946990877
"Japanese encephalitis virus",11072,77,52,15,3,32,1,1,1195.60938958426,-5.34202417569484,114.161754380112,-3.15850831641903,"Eptesicus_fuscus",103.289745899593,212.644946990877
"Japanese encephalitis virus",11072,77,52,15,3,32,1,1,1195.60938958426,-5.34202417569484,114.161754380112,-3.15850831641903,"Rousettus_aegyptiacus",109.760455984103,212.644946990877
"Japanese encephalitis virus",11072,77,52,15,3,32,1,1,1195.60938958426,-5.34202417569484,114.161754380112,-3.15850831641903,"Pipistrellus_subflavus",103.337364400817,212.644946990877
"Kaeng Khoi orthobunyavirus",1933275,4,4,2,1,3,0,1,196.40791272986,-1.09389735419322,104.644423855397,-1.05088345889762,"Chaerephon_plicatus",108.620670683727,NA
"Kyasanur Forest disease virus",33743,32,27,8,2,7,12,1,879.51567533856,-2.615068744219,124.891075983849,-1.46632076122664,"Cynopterus_sphinx",127.742003831722,141.276250704986
"Kyasanur Forest disease virus",33743,32,27,8,2,7,12,1,879.51567533856,-2.615068744219,124.891075983849,-1.46632076122664,"Rhinolophus_rouxii",128.28293548452,141.276250704986
"Kyasanur Forest disease virus",33743,32,27,8,2,7,12,1,879.51567533856,-2.615068744219,124.891075983849,-1.46632076122664,"Rousettus_leschenaultii",127.092348108828,141.276250704986
"Kyasanur Forest disease virus",33743,32,27,8,2,7,12,1,879.51567533856,-2.615068744219,124.891075983849,-1.46632076122664,"Hystrix_indica",134.044514628732,141.276250704986
"Kyasanur Forest disease virus",33743,32,27,8,2,7,12,1,879.51567533856,-2.615068744219,124.891075983849,-1.46632076122664,"Petaurista_philippensis",128.50362233427,141.276250704986
"La Crosse orthobunyavirus",2560547,4,4,3,1,0,2,1,237.185226549127,-0.572991376247648,125.906896388897,-0.502866705199711,"Tamias_striatus",110.043677651309,NA
"La Crosse orthobunyavirus",2560547,4,4,3,1,0,2,1,237.185226549127,-0.572991376247648,125.906896388897,-0.502866705199711,"Sciurus_carolinensis",110.043677833109,NA
"Langat virus",11085,3,3,2,1,0,2,1,181.4614925959,-0.531011077367499,120.974328397267,-0.531011077367915,"Microtus_agrestis",113.04574152535,NA
"Lyssavirus aravan",211977,7,7,1,1,7,0,0,186.1608009802,-2.66742602820797,77.5428926941714,-2.38419644701157,"Eptesicus_fuscus",76.2470128034167,0
"Lyssavirus aravan",211977,7,7,1,1,7,0,0,186.1608009802,-2.66742602820797,77.5428926941714,-2.38419644701157,"Pipistrellus_pipistrellus",76.2470132996667,0
"Lyssavirus australis",90961,22,21,4,2,18,0,1,560.14738872217,-3.59664026310148,95.5874679765381,-3.12120086158398,"Pteropus_poliocephalus",76.7335876534485,NA
"Lyssavirus caucasicus",249584,3,3,1,1,3,0,0,141.7868491801,-1.10561173157628,94.5245661200667,-1.10561173157715,"Eptesicus_fuscus",88.3337236015,0
"Lyssavirus irkut",249583,4,4,2,1,3,0,0,208.930368979737,-0.933930409140537,109.323491920202,-0.930285645676881,"Eptesicus_fuscus",95.5622622725123,0
"Lyssavirus khujand",237716,6,6,1,1,6,0,0,197.98988093791,-2.13886623851956,84.0297922197767,-1.98378979834148,"Eptesicus_fuscus",95.246314751042,0
"Lyssavirus lagos",38766,16,16,4,1,11,1,1,511.223490674837,-2.68376442680964,96.0863057022799,-2.68085363084686,"Eidolon_helvum",80.9964974477811,0
"Lyssavirus rabies",11292,226,224,11,2,95,19,1,3240.64607183068,-9.28248020607209,115.786055762923,-7.0560817096104,"Antrozous_pallidus",107.383745358759,116.141872496911
"Lyssavirus rabies",11292,226,224,11,2,95,19,1,3240.64607183068,-9.28248020607209,115.786055762923,-7.0560817096104,"Artibeus_lituratus",112.733577163597,116.141872496911
"Lyssavirus rabies",11292,226,224,11,2,95,19,1,3240.64607183068,-9.28248020607209,115.786055762923,-7.0560817096104,"Artibeus_planirostris",112.733577004315,116.141872496911
"Lyssavirus rabies",11292,226,224,11,2,95,19,1,3240.64607183068,-9.28248020607209,115.786055762923,-7.0560817096104,"Desmodus_rotundus",114.721553180227,116.141872496911
"Lyssavirus rabies",11292,226,224,11,2,95,19,1,3240.64607183068,-9.28248020607209,115.786055762923,-7.0560817096104,"Eptesicus_fuscus",106.86198750878,116.141872496911
"Lyssavirus rabies",11292,226,224,11,2,95,19,1,3240.64607183068,-9.28248020607209,115.786055762923,-7.0560817096104,"Lasiurus_borealis",106.923703049136,116.141872496911
"Lyssavirus rabies",11292,226,224,11,2,95,19,1,3240.64607183068,-9.28248020607209,115.786055762923,-7.0560817096104,"Myotis_lucifugus",105.523972659394,116.141872496911
"Lyssavirus rabies",11292,226,224,11,2,95,19,1,3240.64607183068,-9.28248020607209,115.786055762923,-7.0560817096104,"Pteropus_poliocephalus",121.477551520584,116.141872496911
"Lyssavirus rabies",11292,226,224,11,2,95,19,1,3240.64607183068,-9.28248020607209,115.786055762923,-7.0560817096104,"Tadarida_brasiliensis",110.700682333784,116.141872496911
"Lyssavirus rabies",11292,226,224,11,2,95,19,1,3240.64607183068,-9.28248020607209,115.786055762923,-7.0560817096104,"Pteropus_vampyrus",121.477551583998,116.141872496911
"Lyssavirus rabies",11292,226,224,11,2,95,19,1,3240.64607183068,-9.28248020607209,115.786055762923,-7.0560817096104,"Xerus_erythropus",139.198229582123,116.141872496911
"Lyssavirus rabies",11292,226,224,11,2,95,19,1,3240.64607183068,-9.28248020607209,115.786055762923,-7.0560817096104,"Pipistrellus_pipistrellus",107.39062951766,116.141872496911
"Marburg marburgvirus",11269,12,12,3,1,6,3,1,494.60689018892,-1.62913335965045,122.19084082547,-1.0857659067078,"Rousettus_aegyptiacus",109.903063832275,0
"Middelburg virus",11023,12,11,6,2,0,4,1,550.94888234871,-0.804544362200126,127.792407640831,-0.787090016703879,"Aethomys_chrysophilus",122.982325194451,NA
"Middelburg virus",11023,12,11,6,2,0,4,1,550.94888234871,-0.804544362200126,127.792407640831,-0.787090016703879,"Mastomys_natalensis",122.982325534471,NA
"Middelburg virus",11023,12,11,6,2,0,4,1,550.94888234871,-0.804544362200126,127.792407640831,-0.787090016703879,"Saccostomus_campestris",127.894519004781,NA
"Middelburg virus",11023,12,11,6,2,0,4,1,550.94888234871,-0.804544362200126,127.792407640831,-0.787090016703879,"Gerbilliscus_brantsii",127.012201319251,NA
"Middle East respiratory syndrome-related coronavirus",1335626,17,17,4,1,11,0,1,491.24460855602,-3.10940137734715,93.9321682067332,-2.8879444379384,"Artibeus_jamaicensis",113.195162234264,NA
"Monkeypox virus",10244,98,98,5,1,0,39,1,1408.14909706159,-10.6580225175689,102.59058123494,-6.13451333715473,"Cricetomys_gambianus",133.563504290261,0
"Monkeypox virus",10244,98,98,5,1,0,39,1,1408.14909706159,-10.6580225175689,102.59058123494,-6.13451333715473,"Cynomys_ludovicianus",116.562839632108,0
"Monkeypox virus",10244,98,98,5,1,0,39,1,1408.14909706159,-10.6580225175689,102.59058123494,-6.13451333715473,"Funisciurus_anerythrus",117.440885737533,0
"Monkeypox virus",10244,98,98,5,1,0,39,1,1408.14909706159,-10.6580225175689,102.59058123494,-6.13451333715473,"Ictidomys_tridecemlineatus",116.849564186764,0
"Mucambo virus",60875,16,15,6,2,3,8,1,819.929737956888,0.0582458101532739,170.918345948745,1.33984482890899,"Proechimys_semispinosus",151.503181800671,0
"Nipah henipavirus",121791,33,33,6,1,25,1,1,804.185600595358,-4.52247104419241,94.725554792125,-4.02360626497723,"Pteropus_vampyrus",69.6056162422018,0
"Nipah henipavirus",121791,33,33,6,1,25,1,1,804.185600595358,-4.52247104419241,94.725554792125,-4.02360626497723,"Pteropus_poliocephalus",70.5711581894736,0
"Nipah henipavirus",121791,33,33,6,1,25,1,1,804.185600595358,-4.52247104419241,94.725554792125,-4.02360626497723,"Rousettus_aegyptiacus",75.3340511471532,0
"Nipah henipavirus",121791,33,33,6,1,25,1,1,804.185600595358,-4.52247104419241,94.725554792125,-4.02360626497723,"Pteropus_alecto",70.5372143556296,0
"Ntaya virus",64292,4,3,4,2,1,1,1,212.65517712216,-0.0792386103002023,141.77011808144,-0.0792386103002564,"Eidolon_helvum",131.795027843987,NA
"Ntaya virus",64292,4,3,4,2,1,1,1,212.65517712216,-0.0792386103002023,141.77011808144,-0.0792386103002564,"Mops_condylurus",144.23942605161,NA
"Pacui virus",1538454,1,1,1,1,0,1,0,0,0,0,0,"Hylaeamys_megacephalus",0,NA
"Pestivirus C",2170082,5,5,2,1,0,0,0,268.04441987097,-0.850539712640688,115.131536042788,-0.885378606450499,"Rattus_rattus",141.520445897034,144.23940998694
"Pixuna virus",60876,7,6,3,2,0,5,1,281.42989467281,-1.24564501133127,112.31306995591,-1.06979588355293,"Proechimys_semispinosus",104.504499142842,0
"Potosi orthobunyavirus",2560646,1,1,1,1,0,1,0,0,0,0,0,"Tamias_striatus",0,NA
"Puumala orthohantavirus",1980486,25,25,4,1,1,22,1,593.26545147477,-4.30378649466864,78.9687736660029,-4.5593226062031,"Myodes_glareolus",58.7585782917029,0
"Puumala orthohantavirus",1980486,25,25,4,1,1,22,1,593.26545147477,-4.30378649466864,78.9687736660029,-4.5593226062031,"Lemmus_sibiricus",61.2372105785862,0
"Puumala orthohantavirus",1980486,25,25,4,1,1,22,1,593.26545147477,-4.30378649466864,78.9687736660029,-4.5593226062031,"Microtus_agrestis",58.3521759983987,0
"Puumala orthohantavirus",1980486,25,25,4,1,1,22,1,593.26545147477,-4.30378649466864,78.9687736660029,-4.5593226062031,"Lemmus_lemmus",58.9285912477788,0
"Reston ebolavirus",186539,20,20,3,1,16,0,1,542.19422534499,-3.48577745706006,96.3586453504374,-2.99557997179385,"Rousettus_aegyptiacus",74.6769045527732,NA
"Rift Valley fever phlebovirus",1933187,52,52,7,1,7,19,1,1428.93759985457,-3.50670507621418,122.29109404965,-2.33701106164471,"Acomys_cahirinus",125.086379150447,142.864097823658
"Rift Valley fever phlebovirus",1933187,52,52,7,1,7,19,1,1428.93759985457,-3.50670507621418,122.29109404965,-2.33701106164471,"Arvicanthis_niloticus",116.2843483691,142.864097823658
"Rift Valley fever phlebovirus",1933187,52,52,7,1,7,19,1,1428.93759985457,-3.50670507621418,122.29109404965,-2.33701106164471,"Mastomys_erythroleucus",116.288687740059,142.864097823658
"Rift Valley fever phlebovirus",1933187,52,52,7,1,7,19,1,1428.93759985457,-3.50670507621418,122.29109404965,-2.33701106164471,"Mastomys_natalensis",116.288687740255,142.864097823658
"Rift Valley fever phlebovirus",1933187,52,52,7,1,7,19,1,1428.93759985457,-3.50670507621418,122.29109404965,-2.33701106164471,"Aethomys_namaquensis",116.552949455018,142.864097823658
"Rift Valley fever phlebovirus",1933187,52,52,7,1,7,19,1,1428.93759985457,-3.50670507621418,122.29109404965,-2.33701106164471,"Miniopterus_schreibersii",132.383680476487,142.864097823658
"Rift Valley fever phlebovirus",1933187,52,52,7,1,7,19,1,1428.93759985457,-3.50670507621418,122.29109404965,-2.33701106164471,"Rattus_rattus",118.661786043545,142.864097823658
"Rift Valley fever phlebovirus",1933187,52,52,7,1,7,19,1,1428.93759985457,-3.50670507621418,122.29109404965,-2.33701106164471,"Aethomys_chrysophilus",116.552949782067,142.864097823658
"Rift Valley fever phlebovirus",1933187,52,52,7,1,7,19,1,1428.93759985457,-3.50670507621418,122.29109404965,-2.33701106164471,"Saccostomus_campestris",127.140285234781,142.864097823658
"Rift Valley fever phlebovirus",1933187,52,52,7,1,7,19,1,1428.93759985457,-3.50670507621418,122.29109404965,-2.33701106164471,"Gerbilliscus_brantsii",123.259297241196,142.864097823658
"Rift Valley fever phlebovirus",1933187,52,52,7,1,7,19,1,1428.93759985457,-3.50670507621418,122.29109404965,-2.33701106164471,"Neoromicia_capensis",131.791308367569,142.864097823658
"Rift Valley fever phlebovirus",1933187,52,52,7,1,7,19,1,1428.93759985457,-3.50670507621418,122.29109404965,-2.33701106164471,"Apodemus_sylvaticus",117.958369530894,142.864097823658
"Rift Valley fever phlebovirus",1933187,52,52,7,1,7,19,1,1428.93759985457,-3.50670507621418,122.29109404965,-2.33701106164471,"Microtus_agrestis",126.268014171742,142.864097823658
"Rift Valley fever phlebovirus",1933187,52,52,7,1,7,19,1,1428.93759985457,-3.50670507621418,122.29109404965,-2.33701106164471,"Muscardinus_avellanarius",136.670729836447,142.864097823658
"Rift Valley fever phlebovirus",1933187,52,52,7,1,7,19,1,1428.93759985457,-3.50670507621418,122.29109404965,-2.33701106164471,"Sciurus_carolinensis",136.670730363996,142.864097823658
"Rift Valley fever phlebovirus",1933187,52,52,7,1,7,19,1,1428.93759985457,-3.50670507621418,122.29109404965,-2.33701106164471,"Mus_musculus",117.807203476581,142.864097823658
"Rift Valley fever phlebovirus",1933187,52,52,7,1,7,19,1,1428.93759985457,-3.50670507621418,122.29109404965,-2.33701106164471,"Gerbilliscus_leucogaster",123.259297240216,142.864097823658
"Rift Valley fever phlebovirus",1933187,52,52,7,1,7,19,1,1428.93759985457,-3.50670507621418,122.29109404965,-2.33701106164471,"Lemniscomys_griselda",116.284348340228,142.864097823658
"Rift Valley fever phlebovirus",1933187,52,52,7,1,7,19,1,1428.93759985457,-3.50670507621418,122.29109404965,-2.33701106164471,"Rhabdomys_pumilio",116.342330286836,142.864097823658
"Rio Grande phlebovirus",2734469,3,3,2,1,0,1,0,174.51544105577,-0.631609480163405,116.343627370513,-0.631609480163902,"Neotoma_micropus",151.45699604482,NA
"Ross River virus",11029,44,40,11,2,3,4,1,1203.87287074791,-2.95013648732412,196.750611753177,4.510172042788,"Pteropus_poliocephalus",255.364144551993,227.66577364285
"Saint Louis encephalitis virus",11080,107,76,16,2,18,24,1,2124.05182608415,-1.94175104559574,140.461218900439,-0.615722595583086,"Myotis_lucifugus",135.472014644443,620
"Saint Louis encephalitis virus",11080,107,76,16,2,18,24,1,2124.05182608415,-1.94175104559574,140.461218900439,-0.615722595583086,"Tadarida_brasiliensis",134.455809172104,620
"Semliki Forest virus",11033,20,18,8,2,3,1,1,614.17702671507,-2.41940720857885,111.949782577139,-1.93417460436489,"Eidolon_helvum",132.289433251551,NA
"Semliki Forest virus",11033,20,18,8,2,3,1,1,614.17702671507,-2.41940720857885,111.949782577139,-1.93417460436489,"Rousettus_aegyptiacus",132.289432859457,NA
"Semliki Forest virus",11033,20,18,8,2,3,1,1,614.17702671507,-2.41940720857885,111.949782577139,-1.93417460436489,"Mops_condylurus",136.154697955866,NA
"Semliki Forest virus",11033,20,18,8,2,3,1,1,614.17702671507,-2.41940720857885,111.949782577139,-1.93417460436489,"Microtus_agrestis",140.317587695857,NA
"Severe acute respiratory syndrome-related coronavirus",694009,84,84,9,1,25,8,1,1973.32655253277,-4.31426324795475,127.45242893143,-2.35934076662795,"Rousettus_aegyptiacus",125.936788416601,83.7152261459667
"Severe acute respiratory syndrome-related coronavirus",694009,84,84,9,1,25,8,1,1973.32655253277,-4.31426324795475,127.45242893143,-2.35934076662795,"Cricetulus_barabensis",139.547195337179,83.7152261459667
"Severe acute respiratory syndrome-related coronavirus",694009,84,84,9,1,25,8,1,1973.32655253277,-4.31426324795475,127.45242893143,-2.35934076662795,"Eptesicus_fuscus",125.831141151856,83.7152261459667
"Simbu orthobunyavirus",35306,10,10,5,1,0,3,1,528.03243267887,-0.627332434004714,131.125822111474,-0.606967979974103,"Mastomys_natalensis",127.523366858686,NA
"Simbu orthobunyavirus",35306,10,10,5,1,0,3,1,528.03243267887,-0.627332434004714,131.125822111474,-0.606967979974103,"Saccostomus_campestris",128.013543902352,NA
"Simbu orthobunyavirus",35306,10,10,5,1,0,3,1,528.03243267887,-0.627332434004714,131.125822111474,-0.606967979974103,"Gerbilliscus_brantsii",127.523367086952,NA
"Sindbis virus",11034,54,25,14,3,2,5,1,958.08092238906,-1.55803558988239,148.124075923141,0.185702638641923,"Eidolon_helvum",147.671305892703,NA
"Snowshoe hare orthobunyavirus",2560767,2,2,2,1,0,1,0,130.6445952505,-0.243697578465777,130.6445952505,-0.243697578466063,"Tamias_striatus",130.6445952505,NA
"Sosuga pararubulavirus",2560773,2,2,2,1,1,0,1,144.239408948,-0.0194355247843787,144.239408948,-0.0194355247843877,"Rousettus_aegyptiacus",144.239408948,0
"Spondweni virus",64318,1,1,1,1,0,0,1,0,0,0,0,"Aethomys_chrysophilus",136.8315043008,NA
"Spondweni virus",64318,1,1,1,1,0,0,1,0,0,0,0,"Lemniscomys_griselda",136.8315048829,NA
"Spondweni virus",64318,1,1,1,1,0,0,1,0,0,0,0,"Mastomys_natalensis",136.8315046786,NA
"Spondweni virus",64318,1,1,1,1,0,0,1,0,0,0,0,"Saccostomus_campestris",136.8315057671,NA
"Spondweni virus",64318,1,1,1,1,0,0,1,0,0,0,0,"Gerbilliscus_brantsii",136.8315049354,NA
"Sudan ebolavirus",186540,9,9,2,1,4,0,1,227.0078189649,-2.97810998229566,94.2346933360778,-2.05590691991923,"Rousettus_aegyptiacus",102.144023951563,NA
"Suid alphaherpesvirus 1",10345,22,22,4,1,0,0,1,547.129493032417,-3.9390849086379,98.3395493798037,-3.02136484267668,"Rattus_norvegicus",143.902703325748,144.2394100656
"Tacaribe mammarenavirus",11631,14,14,3,1,10,3,1,430.9979914978,-2.76406973264405,90.6539091545077,-2.77537772538243,"Artibeus_jamaicensis",66.5592391072,122.670383349105
"Tacaribe mammarenavirus",11631,14,14,3,1,10,3,1,430.9979914978,-2.76406973264405,90.6539091545077,-2.77537772538243,"Carollia_perspicillata",73.8555067438154,122.670383349105
"Tahyna orthobunyavirus",2560796,3,3,2,1,0,2,1,184.5410880519,-0.486409855746657,123.0273920346,-0.486409855747037,"Myotis_myotis",144.239425848167,NA
"Tahyna orthobunyavirus",2560796,3,3,2,1,0,2,1,184.5410880519,-0.486409855746657,123.0273920346,-0.486409855747037,"Spermophilus_citellus",116.1253387539,NA
"Tahyna orthobunyavirus",2560796,3,3,2,1,0,2,1,184.5410880519,-0.486409855746657,123.0273920346,-0.486409855747037,"Glis_glis",116.12533861995,NA
"Tai Forest ebolavirus",186541,4,4,2,1,1,0,1,169.5346343831,-1.43718753264555,87.6493055263833,-1.48891386955205,"Rousettus_aegyptiacus",144.239409538033,NA
"Tick-borne encephalitis virus",11084,101,61,13,2,3,32,1,1383.45949769545,-5.46005368111489,119.801837660135,-2.82141735685857,"Apodemus_agrarius",113.203782147802,108.179570783682
"Tick-borne encephalitis virus",11084,101,61,13,2,3,32,1,1383.45949769545,-5.46005368111489,119.801837660135,-2.82141735685857,"Apodemus_flavicollis",112.521816464323,108.179570783682
"Tick-borne encephalitis virus",11084,101,61,13,2,3,32,1,1383.45949769545,-5.46005368111489,119.801837660135,-2.82141735685857,"Barbastella_barbastellus",136.315376756687,108.179570783682
"Tick-borne encephalitis virus",11084,101,61,13,2,3,32,1,1383.45949769545,-5.46005368111489,119.801837660135,-2.82141735685857,"Myodes_rutilus",103.937486183597,108.179570783682
"Tick-borne encephalitis virus",11084,101,61,13,2,3,32,1,1383.45949769545,-5.46005368111489,119.801837660135,-2.82141735685857,"Glis_glis",129.79597622783,108.179570783682
"Tick-borne encephalitis virus",11084,101,61,13,2,3,32,1,1383.45949769545,-5.46005368111489,119.801837660135,-2.82141735685857,"Myotis_myotis",136.51633036396,108.179570783682
"Tick-borne encephalitis virus",11084,101,61,13,2,3,32,1,1383.45949769545,-5.46005368111489,119.801837660135,-2.82141735685857,"Plecotus_auritus",136.315373538237,108.179570783682
"Trivittatus orthobunyavirus",2560823,1,1,1,1,0,1,0,0,0,0,0,"Tamias_striatus",0,NA
"Trivittatus orthobunyavirus",2560823,1,1,1,1,0,1,0,0,0,0,0,"Sciurus_carolinensis",49.0601079915,NA
"Tula orthohantavirus",1980494,14,14,2,1,0,13,1,297.6726419727,-3.84339630507212,63.6377874926101,-4.14453215040865,"Microtus_agrestis",42.6667276510514,0
"Tula orthohantavirus",1980494,14,14,2,1,0,13,1,297.6726419727,-3.84339630507212,63.6377874926101,-4.14453215040865,"Myodes_glareolus",48.7314577312862,0
"Usutu virus",64286,77,7,18,2,3,2,1,377.81703894494,-0.739317799701855,128.767334715411,-0.584864307040483,"Rousettus_aegyptiacus",118.66589757024,NA
"Venezuelan equine encephalitis virus",11036,99,78,18,3,17,31,1,2044.40069649653,-2.87733105507355,150.052142724272,0.584076713538767,"Artibeus_jamaicensis",131.236635110818,133.761085567075
"Venezuelan equine encephalitis virus",11036,99,78,18,3,17,31,1,2044.40069649653,-2.87733105507355,150.052142724272,0.584076713538767,"Artibeus_lituratus",131.205279528646,133.761085567075
"Venezuelan equine encephalitis virus",11036,99,78,18,3,17,31,1,2044.40069649653,-2.87733105507355,150.052142724272,0.584076713538767,"Carollia_subrufa",131.711870080005,133.761085567075
"Venezuelan equine encephalitis virus",11036,99,78,18,3,17,31,1,2044.40069649653,-2.87733105507355,150.052142724272,0.584076713538767,"Liomys_salvini",140.397284296265,133.761085567075
"Venezuelan equine encephalitis virus",11036,99,78,18,3,17,31,1,2044.40069649653,-2.87733105507355,150.052142724272,0.584076713538767,"Peromyscus_gossypinus",131.988058305774,133.761085567075
"Venezuelan equine encephalitis virus",11036,99,78,18,3,17,31,1,2044.40069649653,-2.87733105507355,150.052142724272,0.584076713538767,"Phyllostomus_discolor",133.929736231246,133.761085567075
"Venezuelan equine encephalitis virus",11036,99,78,18,3,17,31,1,2044.40069649653,-2.87733105507355,150.052142724272,0.584076713538767,"Proechimys_semispinosus",141.843839118893,133.761085567075
"Venezuelan equine encephalitis virus",11036,99,78,18,3,17,31,1,2044.40069649653,-2.87733105507355,150.052142724272,0.584076713538767,"Sigmodon_hispidus",131.009383479327,133.761085567075
"Venezuelan equine encephalitis virus",11036,99,78,18,3,17,31,1,2044.40069649653,-2.87733105507355,150.052142724272,0.584076713538767,"Sturnira_lilium",131.433285259644,133.761085567075
"Venezuelan equine encephalitis virus",11036,99,78,18,3,17,31,1,2044.40069649653,-2.87733105507355,150.052142724272,0.584076713538767,"Zygodontomys_brevicauda",129.049548675475,133.761085567075
"Venezuelan equine encephalitis virus",11036,99,78,18,3,17,31,1,2044.40069649653,-2.87733105507355,150.052142724272,0.584076713538767,"Oryzomys_couesi",128.305030147672,133.761085567075
"Venezuelan equine encephalitis virus",11036,99,78,18,3,17,31,1,2044.40069649653,-2.87733105507355,150.052142724272,0.584076713538767,"Hylaeamys_megacephalus",128.533553424267,133.761085567075
"Venezuelan equine encephalitis virus",11036,99,78,18,3,17,31,1,2044.40069649653,-2.87733105507355,150.052142724272,0.584076713538767,"Baiomys_musculus",132.52405554889,133.761085567075
"Venezuelan equine encephalitis virus",11036,99,78,18,3,17,31,1,2044.40069649653,-2.87733105507355,150.052142724272,0.584076713538767,"Oligoryzomys_fulvescens",128.836777950758,133.761085567075
"Wesselsbron virus",164416,14,14,6,1,2,2,1,603.167327504307,-1.37028422995436,123.777113240896,-1.09672147658838,"Aethomys_chrysophilus",133.023272014337,NA
"Wesselsbron virus",164416,14,14,6,1,2,2,1,603.167327504307,-1.37028422995436,123.777113240896,-1.09672147658838,"Mastomys_natalensis",133.023272392137,NA
"Wesselsbron virus",164416,14,14,6,1,2,2,1,603.167327504307,-1.37028422995436,123.777113240896,-1.09672147658838,"Otomys_irroratus",133.023272848572,NA
"Wesselsbron virus",164416,14,14,6,1,2,2,1,603.167327504307,-1.37028422995436,123.777113240896,-1.09672147658838,"Saccostomus_campestris",136.279752830637,NA
"Wesselsbron virus",164416,14,14,6,1,2,2,1,603.167327504307,-1.37028422995436,123.777113240896,-1.09672147658838,"Gerbilliscus_brantsii",132.170674265366,NA
"West Nile virus",11082,245,120,31,3,16,34,1,2949.70747879366,-1.25948258649079,134.531435904368,-1.7524896695504,"Eidolon_helvum",133.773270305462,620
"West Nile virus",11082,245,120,31,3,16,34,1,2949.70747879366,-1.25948258649079,134.531435904368,-1.7524896695504,"Eptesicus_fuscus",133.927565689811,620
"West Nile virus",11082,245,120,31,3,16,34,1,2949.70747879366,-1.25948258649079,134.531435904368,-1.7524896695504,"Rousettus_aegyptiacus",133.459383083771,620
"West Nile virus",11082,245,120,31,3,16,34,1,2949.70747879366,-1.25948258649079,134.531435904368,-1.7524896695504,"Sciurus_carolinensis",133.718366715482,620
"West Nile virus",11082,245,120,31,3,16,34,1,2949.70747879366,-1.25948258649079,134.531435904368,-1.7524896695504,"Sciurus_niger",133.730222712712,620
"West Nile virus",11082,245,120,31,3,16,34,1,2949.70747879366,-1.25948258649079,134.531435904368,-1.7524896695504,"Tadarida_brasiliensis",133.937107988428,620
"West Nile virus",11082,245,120,31,3,16,34,1,2949.70747879366,-1.25948258649079,134.531435904368,-1.7524896695504,"Tamias_striatus",134.301975773734,620
"West Nile virus",11082,245,120,31,3,16,34,1,2949.70747879366,-1.25948258649079,134.531435904368,-1.7524896695504,"Aethomys_chrysophilus",127.660862323697,620
"West Nile virus",11082,245,120,31,3,16,34,1,2949.70747879366,-1.25948258649079,134.531435904368,-1.7524896695504,"Mastomys_natalensis",127.71883127838,620
"West Nile virus",11082,245,120,31,3,16,34,1,2949.70747879366,-1.25948258649079,134.531435904368,-1.7524896695504,"Otomys_irroratus",127.267906765485,620
"West Nile virus",11082,245,120,31,3,16,34,1,2949.70747879366,-1.25948258649079,134.531435904368,-1.7524896695504,"Rhabdomys_pumilio",126.90707729088,620
"Western equine encephalitis virus",11039,50,29,14,4,3,11,1,985.224416024083,-2.27415576815221,127.837898301608,-1.30375685614682,"Ammospermophilus_nelsoni",117.797396331392,620
"Western equine encephalitis virus",11039,50,29,14,4,3,11,1,985.224416024083,-2.27415576815221,127.837898301608,-1.30375685614682,"Otospermophilus_beecheyi",117.509089705089,620
"Western equine encephalitis virus",11039,50,29,14,4,3,11,1,985.224416024083,-2.27415576815221,127.837898301608,-1.30375685614682,"Peromyscus_maniculatus",130.92100116996,620
"Western equine encephalitis virus",11039,50,29,14,4,3,11,1,985.224416024083,-2.27415576815221,127.837898301608,-1.30375685614682,"Sciurus_griseus",121.982125565046,620
"Western equine encephalitis virus",11039,50,29,14,4,3,11,1,985.224416024083,-2.27415576815221,127.837898301608,-1.30375685614682,"Urocitellus_richardsonii",117.183206044467,620
"Western equine encephalitis virus",11039,50,29,14,4,3,11,1,985.224416024083,-2.27415576815221,127.837898301608,-1.30375685614682,"Dipodomys_heermanni",129.821252272374,620
"Western equine encephalitis virus",11039,50,29,14,4,3,11,1,985.224416024083,-2.27415576815221,127.837898301608,-1.30375685614682,"Dipodomys_nitratoides",129.821252004303,620
"Whitewater Arroyo mammarenavirus",46919,25,25,2,1,0,24,1,386.05936905566,-5.86330448016864,57.1001971972134,-6.05981416688484,"Neotoma_albigula",48.9967267528025,0
"Woodchuck hepatitis virus",35269,2,2,1,1,0,2,0,8.67476716101,-2.25572986836366,8.67476716101,-2.25572986836644,"Marmota_monax",8.67476716101,0
"Yellow fever virus",11089,73,73,6,1,14,2,1,1282.57874249806,-8.21483986307832,99.1574044122131,-5.62058111083262,"Eidolon_helvum",136.442651867357,144.239414525053
"Yellow fever virus",11089,73,73,6,1,14,2,1,1282.57874249806,-8.21483986307832,99.1574044122131,-5.62058111083262,"Rousettus_aegyptiacus",136.442651456543,144.239414525053
"Yellow fever virus",11089,73,73,6,1,14,2,1,1282.57874249806,-8.21483986307832,99.1574044122131,-5.62058111083262,"Mops_condylurus",134.404817970746,144.239414525053
"Yokose virus",64294,5,5,1,1,5,0,0,194.5096135272,-1.70135191442524,85.42155112758,-1.75391635210349,"Rousettus_leschenaultii",106.906251864425,106.9062534177
"Zaire ebolavirus",186538,32,32,5,1,17,3,1,764.74670663909,-4.60116775432887,109.072982406216,-2.83846520085633,"Mops_condylurus",118.922165421565,89.512981273555
"Zaire ebolavirus",186538,32,32,5,1,17,3,1,764.74670663909,-4.60116775432887,109.072982406216,-2.83846520085633,"Rousettus_aegyptiacus",96.3146488375623,89.512981273555
"Zaire ebolavirus",186538,32,32,5,1,17,3,1,764.74670663909,-4.60116775432887,109.072982406216,-2.83846520085633,"Chaerephon_pumilus",118.922165134145,89.512981273555
"Zaire ebolavirus",186538,32,32,5,1,17,3,1,764.74670663909,-4.60116775432887,109.072982406216,-2.83846520085633,"Epomophorus_wahlbergi",94.0780481657106,89.512981273555
"Zaire ebolavirus",186538,32,32,5,1,17,3,1,764.74670663909,-4.60116775432887,109.072982406216,-2.83846520085633,"Mastomys_natalensis",137.938568651307,89.512981273555
"Zika virus",64320,17,17,3,1,5,1,1,456.26284890893,-3.38230119495733,98.5761589233594,-2.62745155492123,"Eidolon_helvum",130.799284923158,NA
"Zika virus",64320,17,17,3,1,5,1,1,456.26284890893,-3.38230119495733,98.5761589233594,-2.62745155492123,"Mops_condylurus",134.180519993714,NA
"Zika virus",64320,17,17,3,1,5,1,1,456.26284890893,-3.38230119495733,98.5761589233594,-2.62745155492123,"Rousettus_aegyptiacus",130.799284532596,NA
"Zika virus",64320,17,17,3,1,5,1,1,456.26284890893,-3.38230119495733,98.5761589233594,-2.62745155492123,"Artibeus_jamaicensis",128.276136657352,NA
"Zika virus",64320,17,17,3,1,5,1,1,456.26284890893,-3.38230119495733,98.5761589233594,-2.62745155492123,"Marmota_monax",138.279993474555,NA
"Zika virus",64320,17,17,3,1,5,1,1,456.26284890893,-3.38230119495733,98.5761589233594,-2.62745155492123,"Peromyscus_maniculatus",136.211981044896,NA
